Summoner Name,PUUID
DDDDDDOING,JBjx4vpKVZeORm0sJ0ZWfh8KJh8qSd8z7hz2kWuMbiIHcBjvNS64k_ue16IaviNo13WrRBDD7Bcq4w
Regank,MxVAmpdf5VyHVeTVdt0LMiUt5j046voKj9K98-LFPQmhe0eAKm-SK3BcDwAIlNSucsXvu81rrk0kSg
asdasdzxc12,Zub6UH_c_XvT8E-rPpmikonf8pnlPccyjoVoztEPoRcuNA2lz3A2oF9IMLesujzGftcXaXUd3U-ikQ
,vuPcDRabBW_Lh2uh3_gAn2rgFOfPsagvR17D_KbirQygeldYZc0Pi-w_7hje8aHaLNjeYWNbX20COg
보름만에 마스터,SEKcJDmJcicnV5I_CsSbvNbj5hLPyUYOCHPkHv1dOkJ9XDWMOppXXGj-CUiMJFS2h3HQRGC29jBo3A
노장 두티,0_eTgLQ-1eMlZhr9rKo7XWps35u6A-HDJI5VCdnfiq-FTsVQUQgYRn_SmAAyLqjvv24WwzaJEnfp4A
Gen G Slayer,xVibnVtd6rr43c8tPsyb07SuarUX7ECvSVA6A0uYLsNcL0wBdsP6Ljek9nb0_52bLVwej6QEUbOn4A
으끄으끄,rMk_1KZuS0pWJaz1sNnAMJKWAm_SY8rvrcP4leDaQd56WrNg8dOnLmgad98pPFhZjK63I9zVlBRBqQ
Reoki,V5VZDSJ177fc4naO77dgQIW4WHJIETL0W9Gzzunh1MniJdklM7fKwnGDkEk02FXLNh5rpnw7InA5Vg
15151515,MJVPzj3RXmzb5htezGDWCy0NDzhc_8K_W941uWDS6xgQsJbRT1cwAz_vzQOVEHUNDYB95XZgprwB1w
Attack 0n Titan,8gCBDAU3tm_wgUEMqciiNphRP-omrE1sCU9aBsoFVfFIGbNXkgcn_9os-TX51WdmumpuQyCaXhjz_w
gaixieguizheng,uldKYAqyJ5qz9-hz-DlE9NL3KFE8A24nH6DrUxW0linEd7nVRJZjpAH117gy5Zm0CiEqkFSwN7iMZw
좋은하루좋은아침,MaNxvtH9PeXQ4mOjcBzj5f8nDbI7LJFdvLvi25yfpjy5eJItMUML7ElQ9hreG989uucHShWNKs0r1Q
Meannnnn,znDoxcR-dkqFNAyTriGzg8KyOy8HNZzPmp5KsB_XnNQQ_vBu9dfLNMB4rop3WFlrSHkoDLkzhMiQmw
,rALf_1lQ7YohQwgdrvKZXngKavLuYnKMSTLw6bkeBOooBp3hvyfbeo7x_XHWEztUGHR4NgfzFKJNDQ
axczsdasd,GRStZi9HtXTd4wOPAIiI4CnObcNdwNQKALKhGR2iE5AdzNunomtsPxkvqDefQ_5rW5-mytoDNirW-Q
토끼예나 예쁘다,Y5c6puN47P-orNc3LiwTPrAA39bQWSPlRfJMHrJeqk3cmROMLRpPFTcTH7W-hHULHQo_sI1SID6uQQ
qweasdcxz,J0EcZ62Y4ypOiG1qh7gCmzVCr6N8VExl8hL9e4Ttmb6sLqcMpIW9jits8UCpQREydxosZsrF0gUeoA
cqx,iDhfpewkxrAUJddnydeRB9C_1Rvuk8rw_HbvYz8VSNEy9BiLPRnjoske57CqDWoBo5Qj7rdoMmylsA
waywode,9D53NV8aHP861XE5HuvL3QiOFMfwWGPO-DAXMavoDhnkqmK4rqQgIKy7R2iRIS_QuI3Z8ednXBTVVA
hosh1kawa,kLXNeHaCNzoqzftbOPpLoARHpaG2-z5maLQJ7kcXi5QmwKC_fn1oELnFXyKDiuhdQk_B_31QQQQyrQ
HLE Loki1,WbBinh4XqzEFfXtFUqTMOvDk6E2kKkyy1GQhawVU8Jwbar5mgKjhv6tOm-Zmi47LUal_H_t2s01k_Q
Jpm3,BOJx6CAOzYoWcE89_YdWGqGYmXcVXdQhCwk1mYk2VCiRWPaHHnK3R2RidyiBtxySihoEiH-geucWcw
어쩌라고맞짱뜰까,03ctfgsYQddjm8dt92PlA2NW2oJLr8DWn_l2ZOhzJC7upltSMZAgR2px-_9i8-KllFEoNFXeJvVGJA
동글동글빵빵,7ySf9RHVmVfB9FcCaFuE23jMIFHPdmxmNVqticI7ZwThCRtesGLKbHNfnA0J-msiH2t6kC1ouhD5_Q
바이탈,M1d3bLHCkd_9FVf4gIu_KvLJTVVpv6udR4XqS48PlgvdKW6Gp2he6HMoMPJ7u6LZClWabwA-rPViKw
젠레스존제로우,ubeR9EY6BGIx4QeKX6WaIETCoXYJyZrQ_QUHBh0sutVDTN10T84J1GO8Qrg88wDc9LOapIeSJ5w7kw
Twitch TV 조관우,pnr-nv7-zXTlOJ7k-fyAtzgJDPFIEOJ8PZ0EH2ufbHZhs4OU6X-GcAqopgiwc70T5Yowk1-3lfx6Iw
Damn JG,fCk381Gmbdqpyy1eA-l9__wOLyZgGQK0dw_IxD0v-qo8MLFE93YxS7v59YHiCrJGSNFe1xDYKXqQqg
의진정,M4HQJmwVlWvkPYnYgK_cW4CNi4b14W-xY3Dt0-Hya9vPXs9Yp9hQC5UyuG0qYgW-LocAPZpiojze6g
꺾인 마음,QcTjtAPm9je9lXPoMdRduKfPeWj_Dc6DqcukYkC4EwrthaNZ-linw7erkU-DulUsYb0BOqb_gLk2Bg
MJ nyx,lod4i_KrNgqTKCQX-uGTlrHEUKpzHZTgstpf-gzTDazhC2Uk66z0S5LxdurL_BZm7vI9QYWqqi6PGQ
grieve sea,2zTGbjc1i4SMW3S97E6n5ClTYUyqUgEqh8c_MxlfOXZXVUG5nljccWyTR9KAegOgb8febrB6K8TDmg
lsswww,DWadiWL9H9t8pY83vRDdhWIIE7MzeZbhXMGopO9ezCy1sG_oS8mznJWPJR-LsmewhNPjtUdscZbRlg
Azhy,2tGgwxU34mVaSJMHViOkcFtkdN-38v63JKZLlbOTsPg2iN2O7_nBQme6C31ByPFRMaIpXAl9i0KjOg
무테키노 에가오,iGZgPpqiG5p59CJPFJ0CIi564vZMyy1tmxavoK5Q6T8kv7j74c8-Q25jrQbr0WhhxtGqcY-djXlW9Q
kctz,eVkBoOFH8Xw7mn_DYU6t3P4jgxfusqD3jt9RBmW9WrjPk14r1vHgxC9Oszpd16tUQnO6XOMnRCJkEA
관 모,_zZdP-9azJ8BftAXDLRpOAVf065F_XEIGCTDhbAXPs0u2BhTaCIIs04FnsWaeu6XOb3hYp7w46kKZw
NO FF GAME WIN,B1Pj1p6abvjx-S5AF3t6wMmPWDvwCqg3T5ZsohE3VW2UTqIdSB_B29LbXTT6XGrTg6Fz3kl3PJ92eA
엘더우드01,7CgqdRyhvXRzXuLCYsvM78eiF6Efs_UGThyYAGu3tWEHVcgATvC7KSiLOTXnkZFlxcfqDm4lglUGWA
,kYq0IeEad6eDUvlV_phrSEUA0eombimbflY-Qd7OIvaC3UKW2uNx9KQ7Y12KlLqPRP_P9-cKTWMrdA
쿠 로,aSabfDfrJo68S_y3xT7hvEZs_uKDy2fBwkraVbaGK92pxZyQbeWF2R0qGMZ8mF5PntJKHvGJGtxqRQ
하남자특비원딜함,GfCmcOrRNNd32bv6VZQH7aPNg_q02W544PeoDbi1myZ9LgfRquwMJsLho93DxySFd11H5E8IWReYAw
눈 먼 사나이,GQYIJ-MdKeaFyskTZ3-jK_wI5ARqSuFBBtyvRte9g8eJzLMuBBFn7zeGElFI9bXwOp3dpZzpJXAuvg
woyaoshangzuanyi,2aED-I1J2ziHz5nQy0RTwnFQud_ZeK11KxXNt0ntGYcu9i53fMrLYwurSs-p1k9EQ5mETvEfLnRVGA
xi huan cao zuo,GjkquD26sJKvZgcFWaU627ZObf4xdJWPT6Z461xjTz4Y7vFm7agVTjGjklXTH0gY9SjQNl5J28vVgw
BRO Effort,w8RpTkyrpmt0iFfmv9wchqK839VdApQDqQgKTPqn7EW-FOQdPbrGLzdp0la2hKWNy0HXpbIgf2nDGg
sijixiaolin,5iCDIjxQUYebw01q8MDeIAWozT7Mo3ESsR8dX2-zJwKMxWmymErdprLeG4svZEB_tt46xLGsnSRqsw
coolran,NnTtpbiu--rpX6yX1CPUaPGvHBCsxrYkxru3v6Px6Ftj3mOElzWU4Si8x-WG9ny1liQ5CnYgMvMq8w
viper3,7X8ovnCU7HEN5G3gyFCLSfDJAlpWQ9t6VIXUf2Tgc88TyM5IVv7T395Fq9awweGyO_qiaszYyGl46w
슬프지만이겨내자,KWgAvyGCDPA4Qbb8Mq8gW-QoA6xbcRTpd8QZzPIDrLFXvzhT9miBzQsb0T6y3Y0I3OFg4JWQuCVd8w
Life1,WnOwUHk8r9IJTcEYGzO2tMRJgbhilCwrXFEa40d7f32M0tw9aVs9SBuJfxMy61VtTnUJKPPXIgw-_g
KDF 태윤,EJQl_y-9YX4UcxyW3G1n1oxqmBxZtoIZ60vBjT8UuyS-RJNQlADJEKYIUa3bZBgDIp9VNaYkqx-ZUw
Asyozu,pSOAIaJtmtit_IrtDjxZRSy39tLUW8CKcKBvTiK_R7PRKyt7vmoId5WeysEpk8kEVyfWONFDrEre4g
자프키엘,MOlxWKRKuvbu7GqOyTO6kzuovC6bmiLCFeS8u-72J7JKWDX-TxcqxxfkqvhQ1maZURBMB4Ywgnkzqw
모래상자,8drVnV0tZ-_dPQfk7VcYVO0HmB0NeqAHb6DRzGjmKzVbwRswphtPa6_cnr1gfkezv90rRE9VVQ6c-A
Radiohead,yW1apfSMNKIcTaGF-nylzGULDkUzn_y9LR26mSwAkYNlEae8ES7-q9-qASJHCdZt9S5pBYMEZErypA
칠리 맛있어요,Sedz-T6pkVGcVTbGbWsejXfzYxz-kbo8ls_3qwD1NP2o2ifrmjtU07CoP9l0eHbBGfNKI_Fas_YbFA
lkx,XSlgBr5Ox2wusOD6pbanIDpgJblV_K4EcSc1mC3MTBpTHXfkJ7SdH5wErZYt3nl2Ge3R8aJR9LiZPA
호떡붕어빵,ZWPZWCNQY7noUKa6iVGIXScL8SvLfJ4CQen5eru3UOj6YOw8SxJeFfb6U9emVdmoQ0xfITzuLeiHhA
기 찬,25RxKtQssnV-HG4hk-FM_U-2MO9MtPBjdfMMoP0ke4tFz2CvjLyb0rpMC5DdzHIsdTraenr9ItSRtA
모든일은같이,LvnhVg48blcYvg6yshwv1mAvvVPsiuvsBqPTj1Hq7jgS3tzrk2UZN7NfJmdVKrTIrKdELjX6BLjy_Q
,bpD9sRlIs6UuTZJ3gs3Y5adx8GtI4-bowFrPR8tt6XaOB93m1x90mURO-UX4-M-CSGSEV1JrknyOgA
DK ShowMaker,T6PWdZ1lPiigFz-tr0AKkNufmaIDE_UvMny40EyD9UWcd5UrNnVkCqqxQyTgQ24xzrijjvko38p_sA
,EH5WHr3Td5t_cn_pY9LogvtPC8x0O64SbwdseMRNabk3SzbikGEDvlfLrpEPVu4NheuIWV1dFXlHcw
결 혼,QiOCFDQ_eN7I7_QbE-cMoo59jiOp-enGXlkw3TvnXDcMP0xQ3P7HCnnmYzlFbSvMt3tqEysNVXPFtA
Shadow Nia,Rwt_F1CDrNYXHEGCcb73Z9Lv3pJf42kj70C6ysFTmnU6xqc6mFYT-Wrv3bb7lFDiWkAqIF-4Qaz2ag
,unBpcQt2FQ1G36fIQ5oRosx7j-wWbUzrgjqrShRsUVfoM_g06noIMWE2oiUo5vMJc0RZAET4qTcnuA
앙 맛있엉,dRcTN7UrotuwbAoT9-rzz7BWlDFVsqsW48NpIxhUs1X2Y7QXS-Lf8iggtWp-VHiD-u67y6x0mnN0Sg
비밀인간jk,zX3EhYXztpBffihTLl0wuPURegMstZD8N5m3ZXr_tK7EvK-2gCBxczNDW7gNDmkv7Uk-mFjjLqSWtg
Mi Shi Zhi Ya,HaT8Sry2RwXUsK2ByiGsRDnED0dICqOZ65bOd0ttjObmfQamEZmL9t0NzjOyU9mrNxnJKp1tAwiLyA
Cangshuu,AY5QfS7xQizAQ4wt05haLz_S8F5N1yrBBBCgwXeFeqNdDR6a2Jbqq1BcKS35uyrRBGKSIgACi3hXGw
sad and bad,DNY3mLyB5arafa5F3C7RNPX6mjil-GwSsBehMrV66h_TG7HPPhfEL1HkI5QitZg3xGHO4rLA3ikiEQ
baiwuliaolai,Ts-uhOUZmLl9UxTJsl5QcNJ-ly0CsPfuVTXqNwlinmx64Qr1xIkzcRtSEKft-e7I22_1OoEQjiPm8A
손주녁,wDzznS6lzxQ7ncx33p5DPlLcsmcI3S050rC23OFtk9IHFk7y0m5HLQTazs9dtpvO8fFoFfAjGC1afw
Ru1ser,EBIdNdtoEY8uI7qfQRNoWAg69WJ3-RhD-ya61MAxc8jwJBx54GnGQ-UkxUCsJqC2eMVpCUvBQet3Tg
잔나 소라카 소나,j6PsOgg-pACT1rJm76NHOmWn5SejU-zm7Z4pUgz0RTGECyka4m-CXRInwd8hRQ5xX8cu4s4Qq7Nqzw
나무늘보안고자기,bcXD3vDUEKL_zkDC3SJxTtO09__xcZ0u8x7-lPSbuhvYGpKGmeApKBw3b4h4nmWunM-90S3ET0IZFw
Chinata,HAbZPMlFhvvkkwLPLX-0dogRCc6nIJrjDOmjFAxYD98saN3gnhjDoy1FAd6vnjOsWhZDF1vom3i8OQ
Do it anyway,3ZvdMp5JiAwY5o1wLLNyLbmF0WLbdgMIT3i438xFtuUQI8S-amnJ3xpQoqkG7T-vovAcAg8W8NaHaw
호잇이,LjcW8sLABQx8p91IGhNQYtGJ8dysnii8PuOWtOhJECjUpg6ERDYOEy7yxx-93V7Gbsq8DkSqiCLo3g
kyunang,hNEBmf7cddp_9acOTYLvJMl69ArBvcHP4G2tccb1cwIIB9qg06WwAxfXX7-3gzpBvu3gFRlDwB2uVA
i no hope,jeolgDAMcaRshdaDJnQw-1s3iEtzpyYjDH63dtzO7j1X74qwn5F_5ld_Gkz_HlI7A0leKpNEUIrrCA
Castlng,Tr5f6-iwYozXyUCaRl_PtgMocZ8vEva-kClP6_eL7iB8VlV26zXm94eI97PPQTMMT_RfxDj7I11nPw
zcxsdasdas,g4Wo36hgoDAlx0XVxJntOzvWJLeCOwC1mespSP8IF-i1avjqJzUaJGZju72bDkkrNd9APk2ofr3KIg
엘소드친구구함,NpI7AWoOH9zE9sGKgnBLpdAktxuM2UkDTlgKmtcBN2xRnaSUum2DRmRhkkkKmwjltYCbz2g81R5S4w
갈과 배 음료,VRKo-kGqR0g0s__dS3LxSuBQqMRKVTfkdE-IlPbouKi_wqps-8y4IvK1ZKyqX9nXyZN4WxInEPHJnQ
esjfs,2F1b41oCXXRntsdo-p9QI9BVzq6cr7eebtVMQMwGUutm3pxcFuFC1zMvQV8bBK8v4oDxC7dubxn8DA
겨울좋앙,TcKSLMSwGUVsz88Icpv-Kw-eAkVjjWccJuVAEARnhbpexwduPhaTdUCJu-bPsuk7Q4qyAIreb8jPMA
통합 기사,E1p04_kql8B54H5jYSV-updpwIfa_gO5PyiFFcqbnHMIv8dMjA6bcSpTkwzYjfVSNO1C4WKDjSb6yA
new boy,v0D6AP5H59E2O6uW4vO-fLt1OUH8UQ5fdVdqJGeSHSnOb46-5LlVhF-lfQabMQg6RcNFOWdd6fFD6Q
아발론친추주세요,4APDuq1-2uQxOjJrhBR2xvE5PbzdzdBzBSeXlEM0qafzJAyVttBJ62xr2WZBWAnje1oWmCKiTGGljg
lql9t,h6JnW8wzKm8m85Bh8G-Av4ACqsRayu6cz6e_d2iTyvGq9_aR6xnTyFfUFqdmSeeUSMYxsFtA7_x7Cw
캬 루,SX1xo7x4EEcFPYmMjUFKsoovphczbzkzTUTrTejYCXqcNuXnCTrVclJk2mtr6HeJq1PmpRrraUH58w
똑같이할게요,TftmIZwvcFmCz0tvNmBu0wYZirp1ayGKfi5fUZPubuT78UgwdzCLL876aDkAKvE5W8I8KGA9kuKTFw
FA Samver,6NI4XvOFunrWS9Fx2uV_232d_4eF_ydPl9PiwC5lw7sqI5PmXj6CTEaNfzU7R6ybe3h4lldIqsrgZQ
,uk2aISbRMRQ0E_fLNocswhpxjpQ11bvKxVikcI__2SkLWuoV0kL_2kcNa2AR5wGjdxV_TIKXljoJCQ
협곡피아니스트,dv46AtnFZFC51luJXMLCXnqZeQup0yv0HL9OP1NgnSGmrK1eTFU0A_vhj-nbAh4cOsmWRXn4qFT0lg
추워졸려배고파,5h50t-ejZpWGdC4LsTfgPwddl5X4zktAwt3Ev3jcZQU-gYyjskmniHVR7WJ7CztKu85P1jsjZIH73A
훈갓피플할수있다,TF608WTpQ_Bcrx9YfGW6U8fCLc0b71OKQEnrUZqx3_jFGrbzRIs5qDMDewJzHSmsd1E0IxQ_1jrFjw
eightQAQ,876Yr8xjYIPjAT0AS5kbXjDGGmIwXd0gGfDELVYF2_Tv6eAuy_gFdBTLmeOnd2cBlxkgQw_G2jGBsA
블리츠파이크바드,lLffK1-2CZuACiIMnKhwH3U5eFe4luPr5YBmLTwZG58osfrS0c9hY1wxUKT_1VQVGOz9867GHu-1rA
피자나라지킨공주,yLqJ9zK2EaXNXZojkMGodMm1Pkt42xSIpMtbe_8nfZJpoJDlCYheYJTvP2-FC2gr-17FQYSrzUttNA
94마타,ewxH2xNlcC8N4JT_Ij49_A94nahM_bPpsmC0xXNmJUeKf8gCIX7vxHSsvDrm5bsp5pSqO1rR620rdQ
ucal,X10TyCEVN4bs-b23Boz62f5MEfvQyVsBPcwO_MCwmCHA3kK8-7m-4ocBKoKOlzO0cCPbyhP3gJsUwQ
한알한알달,a8XJtU6gMkZZKVPtUdXsx44NHVH1Q38_ARVEgRUZNKlLXCDXi7SiNFg6e06rszgfTxl11BZaPQWpeQ
억롤남,8bcm9Cu8KyC_31J_z1IcWgR9gUFJ5fkDQN9jYCAtm3Mv-XD_w_O1aFxuip1c-zfmPY1vfoOC4v5YKw
아 요거어띠는,6BTgtQZPGpgqyKzsP1XWfJu5ExtDQr-6yQdVuyoPqL8yzGsE3Ky9mFAskmafWVr2MANacaFVxPx1cQ
Lotsoo,t_7vCuE-QCH_cKKyWgFnW2JIXkT_fmLzLz2OuKaT6KjZM77zIjtiOD6gaueRxoGDEiI7GrkfJ2Zx-Q
은가뉴,lynClDRBB3UopwwSPXg3F17fJD_VeT8dnCH_bxZvfJi10J9JrvCSQVdZhqstBQShEZWQMX9jiK7sBw
NS 미하이루,ebF_VRkqjRBUD-yA7umWxULcfnint5tVCJc9-oZNI5j7ht1Ut9ZNdLI3OUqS7Ygm5JUxgKltool6Fw
NS Callme,gaQ2d3er7vgMfiZU3lfpp2TWPgJJ3qyLEpcYf6oFNifLYgJKzqvGOYIpnlliH4g6SYpzO4JQ6f-53A
yr9i,dJqXiR7qpF5aFphmOL1vtaBO6pnv1S6653x7odY28_HHKcL_QfsCLtzaIKH4x_dsIVDQ0mI_3MTGww
무조건3,PazSvJQBiPUTOOhn-ChvHx8rz6T1N_gh7d-l6ohd3LBTPOgdqSUhn5zQ8i_p_D2g8GicQeW3aBL_Cg
,gPhiMI4WVavHdW7oo_5__17xKc8zZ5VSYjby8g4LcLSbddoyvTE_8cS8D-6lGzHa9WKoryRyYJU4yg
8년생 감자,zzVCbmx2SXqNgaE6UJZn4jBWsuYMD9LsbDM-XO-PyaCLwD--5mqwsA8ZSw7DCgoGzotgTBpZ9fMoKQ
시간 속의 정착,m7y-lYhUgQSJfarBNBaGcenUdhKBMLYn3VthnTscUV_DRtxLrxiLxx6OM9bYiEZxbLb9shQgQ_AWfQ
불붙은 쭈꾸미,jELSn5uGobl28KotjZDiS3c1KYGIPzaiC8dxUJLsZw3KufEFIEOPiJepRn3DV_WAia9wdyDxzphOBA
,qrdffFhR4TPxUXPUJEf8czMjsgCuw6lSYiLkNQytN6ixFzgnVd4XHtJxb8ctyY86lG7-i1WW3r9kcw
진성빠레,DrnZJC-XKhpbdez3S4-jOQOJKywip_Pmu4_thLk36kCLMP93D32Hx1Zf9XBKGY1MRV3iqwJCJnNyPQ
Rose bloomforyou,7UhdSTtXClCJlCrz_KivIjYA_4WJoXf-4FqTpkzXYKwvK2Pa7ohTY91bkJMclr9deR8F_9I5Sgiobg
Ego Battle,aaWcKf55nQLE-WUGsashoGVUfYJBp11iNMeceHfmkkLbyBBg597huXRXOlQyKXlUEKR5r3I0V6B5fA
3dvc,uwd7Q38KQ6QBmxjflhT8HUGEFCInd9vwB4TZ7U3J8nYuBKXrjWOvrE0wn_FbySgLwwk3p6DPp0Tf1g
기니피그이뻐해줘,CTOkG_PXHnDj4sUAy9DKMgSHcRLoF2I7Z63d8ZPGlwwyRTKHCxVQd9-4GXuaYiQ_lUzHcMslWgxg1g
DRX Fr0g,9mzxtYA3hO_FDF7O6IJnZkRLFAuvFPT2zfoPaJ5adJE3ZUVyjy9Y0yRXV7kM2Ueq4JdB45hQUHQOEQ
vinake,MDd3Dh9SqYhGf_-qn8bWnvqHW8SBXWGelYH1ViNJ3__xQkjS8SNAcZpr9P_1gQT4rUtmu3hHSPKr3A
Eren Jager0,hK6xYekBUgoWCSBDaWKdYXbKo089Kn6f3eLAqGeXd70KXOZYop4aPcwC1Q3lVRMR-onkqaVvuHaOaA
BLG 온,JVCFV1oCzpG69Nw673TTdf49ArpvpigYFdhDfx8gYPTIm5zh8l8uXd2pxWRuhXKzz5YHNFVy6nTX9g
44광연,HbyhfpruxUi_xV31RC-OPv6utz9AcHLmQ2rl7FPggiyFpajfaAjdSXis36E6J8CcUekzV4tVFIyNMg
aierlanxiaozhu,3B_tDnkMSeH2VYcq29uqbBPsCEOT1UHyiaH9O2_OzMQLDksz0xP_6o4QljwNS47LPsw6olC_zODZcQ
솔로다리우스,pTNm41zLeTSgyaFezypmsQq_1g2tOT2pkTJd8PGUjvAbc0OtBVqkJ2ZyJoTtx6o3PINvZehSB6MY6w
Aaio,Pt-xbl7tQpbDFw0zB76aaKk2vWOQk4D97FU4UxsKVmNX9z22HHH1iyb7JkeyID6v4PcXs8JfTKKXog
DRX 영슌,iHayybGOkgPdTGTboE0NCL0wEasJ68Y_Zn5_n76rXqnbPH2AgxIxwTYW2sbDCYzFIkTirr2XPbE4ow
메가 영재,K2dBkgsZMoL0TgVYmr2oUVWb0E8ZlX85KnjcBAC_eXfipRtUgad737hLBKf00oQmydb5ZASibnqyyQ
lionkingbaigui,wA0_WMeUFcCXl8SLlOwQ6v5PmguSzOMUTkZzNjUUPwkzpR_DiQmBscx8l0fz5-2y2JB1L6N2pumkGw
lbd3,s_kXKgHArAkb1K_r8pTgeB_75b7NgLqv6Z7up2sTQqUvmr3KWS7aomxQr2ygh5701BC5KC7arSQYug
,BQoPWsikGgd8U3y4SnIVjgAhShx7EorW_QPWZHe_KuGHzg9CvIL9_IkxSEC3U58PQrV8GVfjRDHU5g
칸 나,Qc5BQWyWf-zHVzLOdlgw4jX8bU5BkT0A-tQwm-x_KVuLerr51Lth2o-_trGQuIYzHteCeeFWT2p-Jg
키보드에음료쏟아서고장내는이도윤,SBIj1CJ8saISRli6YRLkb0qA5Rv6z96lB_p6CnzFrpkBrKHs-iGZLPx216RxSTLE2RpYeenzWK5byg
따붕 람미스,GQZcKwrLi1Y8gAfPztWF5rBJPjREfm5UPfPGyTTkvuFw96oVv_cqxWcmX1E3O3TW05kS1fjpaCNkkw
lllwwwpo,mtMRb_Rx0AsDjyxCYqU-IqpJV2aARLVNf6VGZlOntLnj6thSQ3myN0vaP4aG0JvlNptnOQy7MZnuGw
HendryKing,fBGD7XNzfwQoTEQ0vA3MQcW6-zcLjxAOqCFTZhpTJTR_rpmQlflBxeLtYbtHZgSvGTBiBg4r83tXjA
바쁘게 살아용,j7T6DsmlBRNfz4DCKalE2EZlg6-6rUVdL_caOq3dD3lcWxYC9VJJgtP_rzm7ddbmY-IX7LpvqNmuvg
wywq4817,L2c_3H_a5JaTBm0ruO8X8T2uPLV-smR4S2xTp_CkIhA9k0oDQu3RW-72MpjcO57AegOhv7h-Hbq9IQ
Bae Suzy,QIpEOh5TYil9KKujdeozSrGMdw_BjtLi8-jxCfu9Wv8J9OBq8UWNrFRWsSFhqgIQGM8gIZlnKVNGpA
underdog3,7GYvICPCwYZwZrR-bvZErq2RuvtxvLmSn_YooIBXjoldlgGlzeMRBmP0QvMeWFx2bYCTRWK8poyVSA
Signal z,9_hEkxc94jmo-gPxfqWkBDM7EsplTCyVUkMTM_jdD5KMYfz8laXUpDJ7-Nouy-KVwnukGBtsIEZxzg
어리고싶다,bbFEWLaK0ppsY2FZZeUb0e07Coaq7XCPOxGoCHEvkSnkIiOWZcNQpgLYevfhpcl2qQf_Qf2eYmIb4g
주연냥,S21GEoHo7DnGteTjY6ZJmSgzBJbVECCNSTXe6Aq0SJ98OvLlmin6lQtVaXlmggptExhLCSehVTCs_g
xzz1,szjSOBoYQDlmYqPzF5O4ITK50Oj4yX4CyhRTdARaPBcWGnDENpNpqHPOlRdBe_rK-K4_XlbemYeGWQ
칼과 창 방패,Tj1GpgtreasuK1p0cKyB0ZPEXmc-aXBMieo1mp_mA7AWjISf1uzKOriZiYxQJa5PPCXAIYqEGlzhuQ
,u20_JhPPpdk76DFokH2l6_VMtsOwnYMirTC3HWStGOqfJ1LRXYlWL3FuFLKwIXrrB1VH0mm3pej15g
따봉 람미스,iPoVddWpXLi6tOGwuYmlvAkaPHUK3LtTUlPHkjl4-9DL_7WqN-xdXGpaiZ56sD-F_tg8lUqO6gSYVg
,L-NE64-4k7gEXde2uDsd-WlAjITbyyb_IyRvQjfrteAzE0z4uz4QUbDyfyLY-dzKnXPopck2ZREwKQ
Furyy,CqNK-oOt7uGmjvYiaKMoqA4U1HMheOk_GcZD65U5pBrAl7IiUFnlLIBunKnop_UxiDXRnJZnOGs9HA
locn,owb0U_bQ0rxTJp_-MoldAjlnCHMXHAKsC3pXA4v1PpoOxwjneQG0CeNT2ZZBymvlChkbJ1m4OuvuAQ
Asper3,0ltzunz77IJnpiqFVsNyWtWG3CehAgjg71KShb0XyBDRPmVRhrnN5c901PNKo4CvZHtHnRqak0xHzg
보름만에 마스터,wF4X3dFkXxLPnYPxv16U6yEXhDpI21nYjWqPXXhUa1e9FFZp67RSEG72V0ttAQ4Yq6fNiX6wxCvJmw
도천지,YB9lR1NWe2SrLP2eiLWu3uSFp4nJ8Wf-MUaUzj9CGpRQrJN-nvrB59J-Y6gwqv7D_7D-SoO9vkjZ-g
Toon Zorc,P9hlxYHl9G8XM-iRE36ayetqNVC5mFOhjRGZPjopo5oM8BQ_Zl6I7WDhF0Qoldg4lsFGHxCu8IatMQ
Last Summer,_-KKf6hkjV_Z1Gj0ZPsXQgaWP1NLqiBIB3X5o7KRXd6btLIS-nS6GPciaaJsmtnq7N1T63Do3SvUKQ
DDDRXX,RMxpO4YIDeDs78vpbpXnW_R6vYD02qRkDuLZvn_UXzNBBVTU5QLgCC2S7HfEiDazeEuqUuj211xa2Q
JUGKlNG,_UVFWkwxMLeew96x5ppons_NHxyU2APrkf3ng2laRRWY99ZPPtKsvZn30mxQNvFd4ogm8qa0x6jegg
meiyouzixin,fu8imxjOHxddU_YvhkhouoqUBUX9d-Yw969XHjrGdWf5hIxOPVLtJH0HDxMsgsMQm7iULzaZWzhyWg
게이온,WFrW5hMcadvKQF7RPkJQwCwpGcdqMb6av-IiVNiQj3bJysKUJHtW96h1hcojmTanEjRlWVMfH395Ng
라쿤99,6bOxGyzIyaWVFDM1ymNxoxhAct2TK6eRkUU4GOj8ahaymBEawohU-s6sH_CwJBdWJvPj9Xi4zBi88w
빙산의 일 각,TVGUFwQ0mDa-p4jKsca-SHX7ZYpEEOwoKTphshUaAt4fbInbTzIpw_wLmEC-npKpQV2Hkv06hSmlhA
find ur mom,l-Sln3vqYOrEipeThr6riwUV-SvrncBKZMLTDnPDdbHOKR3kF1WcFvuO8K1LGZKAGRmAoaqIaPkSAA
자그마한 나의 꿈,7sxn_WF_GLOSaH0dTKWawdwcBWBAaIOprPPyAI8qr41lXNcfRmr-DO-gbsuupsww7FYDHH1LJ4D63A
y1qunsb,gaFaRJ-BjuAcWVETNDTSMCAxvFEKP3XtKhZgDN2Exl8smQ0txjLUD9UM6SIeuStJrCXkKeiByGTTyg
91850662del,6UsqZELgCOEsI9u1Hc4EY5pDX9oSVizZ_kO3tujat6Hu8aP-3zPNhbc1lysqTo-QmUPtVu_EPHCD-g
맛있게죽기,BZuyS048Me5pr2PYhMKmpM_GIePGOISIlERkMHM1BLNpMyiHdB0sMB1hSTqXf7s7UonkNGp14ffPOw
먹고자고게임해,fz9qzfIozKNewLsNW4rSj3PMMu9YaXligUvmGfxf0Cs7M2XSRXwTE_WhtwHlsclZfpF_Q5LNccd1TQ
DK Rahel,I1ZFxCPM-acYKo7Z6deGE4639vExUWR3NSeqv7eEIsOevlLRFe_h3qK7I2g47KEpMHS8sm7rXpDwhw
TELL YA,iCBFxw_ZDE3T314jniuh3Ca0Pq0dzzX3VIDMfWzJqQyxg4mNNKeMprj3iFkubFVWvdSNUrKo45rVng
JZADfans,5scX5E5milNQUhoaAvI6JL1FMqla77G5HN4DYu_ipKb-Tc18CcOpf7iuGMzAU62N4eHQTonFSCNXOg
zheyidao7,icHuCZ3UUGlek9ouoqJ-RtELUdxLi4jNYZMVQfaA4n3LVsGim_-yejGDcuohsuB8OM-O024widSuEw
g90dfl09idk9202d,kOAznqATWOwM1IXLsg4QaKehQzGbwAX2aC-LZhZs-R1UaK0AAACQ9Uhhn3fzifuEjRkq5JCzfCfChw
nalamango,CYUl9lspNOTMEdz0HPmZixgPfUkeyQh6U68zddPDcTMcY6tnxv3PfxZvSvaq4V3zdHYfRTKoMXH2mQ
,M7YCHmr11JNWqS0JtIusqz8jmFvlPhTqfctjOAN6urxVPTttZmb4ieFc24ATZwtACM7jRDhQEpB4Sw
LSB Diable,6tiiH1s8xEknZfxvLwOcSaGt9vAL1pMrdyO7gI2kJbShBhisKFy5KOgE0VojCAgHCTj6DsXBggdbKQ
General irel,0fuGtWeju2IcwkruwGaVSLuGUkUFoEtNj1KjQzZljwWrITYBKqD836fsCJVGJpOzScxuozXm6gUKmA
AttackUlsan,B0yhcfq2W1L5F9dKK4yg7G_JEY_SHNZyQrW7u_fOoaxNjUNvaaMt0f2mmjpo_UFl7OBJfGw8PN_7Fg
bababaabam,tCzx5Z9BIR1ZpWR4DiKluTyvkSUhTUUZfjfWgyZlUzYo_hCeyFyvtzbQXLQPjKDUt2S5uIyZ5iJ4NA
디알엑스 파테,tQeF0Xy7xCwe2q2FkF0IAUHGSGo03FXd8B9NcvwbVfDhYrhN6ZwQklYZ9HE1Yk_NN62JS0jwhwohcw
타 잔,9Sea87BS1EMqCgfvwel2pYaiKrAVMx-HYOV0ACCPZZLCXzKTvWUWp2gfPRGqBUzFx5Fh9Je3Fecogg
hhhhbbbb,Mpo5iOosDLDSl6TlEb1M8TwVMMCnwNAoulMQaYXZ534fWRvJu7NOKxWv3Bo4hGEF2mEvsKnrjghsAA
adalkf,0vVPeEwzcCnEHyIZpI81u-T_YNDQfQJcE5QIZj3dykPEJM_9Rzpu6fFqgAVQc2bVsRo41gGuFphIwA
낭아극쇄검,qSYvj1nehuKWxRbXBnsM8K5Iqi6Nf3UMZ8ClokCnDRLhwqhjmizKvl346iapf4tGw6nHXCGYywtrvg
,ka9m6xinpvth23218W360UMIsJ3enpzi6sR35KNSETSDTzZKkInu_YqqH5wbFAzYbDREPfcHTNe7Qw
DK Lucid,upq4Lw-Cic3qsrVcIZ_CPK2tg3loy7JyOAUISZH23f_LeRRpGqm7Y0klENGkehH6ZlrqoxKh2D3org
asdjipadsjip,0zmqH_oUQ1B-lJKVsHrH6vLXow8etXsoy3N5xAP6dJ7ed9p8KIMq1ol3mv7qo9fv8NP3vJwtcoiNPw
cikcik,vWhfThZsvgNZl-1tCt6hq2hXWHQUNjCffrnk40qU3TexIlay7QsA76Cdb2bE4LJqpWIq2lPX9Pl9HQ
그브충이,57E47ABQ8-9w-ojHB593Mw5lmWStdRAJX0WEtzD8QGMN338wY5fo8DStBGEN-_9m6NlBxEPp3j240A
Racooй,-aMv4WAhWmfC7VYlACzrIIiMNAQ97LeQsxGmqUX3f0H7zmu_lldQCaeDYvL9SqNFxa6u_Yjg8-eclQ
살퀸레,tLM-xXr374SG3YenYwo3BtU0APXoozBo4NNvieT_MYzECn6DyA-r9fPuXzN9K_vvkZBgRmeTq6wbtw
qasdasdwqe,9aroqZI2t8czBlFjaA2AzjomyrKXenJu25OfLnFAJXi-hU2Y0UBEqxaBgsyzWcK1MTVduENRm2HKgw
mei ge ming tian,TmW5TwWJ2sYH5U_8iO3RAY0U4EgatIc5mckpaql5N0LMbf_gpB6Y-aTNTIuyainSP5OFeQuCh3qEhA
hsiWWish,ZvftxN_BZvW1sUWkbU10MGA1-U_n_eOZu1_yGIJUdUXVgGrfnjBsoDkaSS0VXizCThP6bAkKuYaJUw
DK Pullbae,vdZYyqOkYA5_WlrtXuiyGYTxnh37WJlmudi63Mqx0TMNkifb-dBknqHrglS5KI6ThWwevkHA7jcPQQ
나 랜선데,G2c2o0YyEP736zr0KgPPfq7HGrMM6VtDX4W2dxbtw7vrF2kVC-3Io9OcEsKOjkvIuavLF5nHW3j2VA
NS Carim,aeNjiNVEC_QucRoAxgKoNIqlJwNarEghLq_sfvcLl1QvSVNWDXAkJmO2prAPW5I1Mvsh6oJwIVCMoA
baybayya,WUACLqG-CQdWAE_J50YR4EQFnD6l0uS3hwZKLsrt0H5yEsPNeIc4n6BKg91fLWcvzTQPrdC2hlCt3Q
FA Moham,jaoEtc2m9qZxnxXk8-CAijx-DsgJ4nEmRLizQAYoIbUa-aWEychFXQ5SOgjuaxUMjLACsDsMBDOmQA
srysrysrysrymyb,BLlzf6V534q5DQz72kAd69131voWXNZD1xIm8_w2vFsVglSnhV9n0pJormyFzyMBthwIU_2eKW7cqw
김천좋아,i_s5QeCmrFVnHsXe7uQ_J1SD8lnWvh-hYpVmcWod9blgiRaAa60ALu1BJOFUNCls-nxHUzx4OsK2Fg
DRX 끼얏호우,oy2Q9I8b0tdBfed-rK3Z2e1Xsv12_7P4rjW5SgHlLZ-MrExHDC1Aub8JKLDoT14mZ8RMKJu0KJ-Rsw
나는롤하는기계다,Hc8g74b8FqwAhprObFDKUGSWoqB5QRA9C3k_wO1siYW5x1E0ZOXMiKZLDaL85uJBWc6lbyoUKm9HpA
일단좀한대만,1ledRld7u-gO9d2IOLGGGFJCZfBec_d0ZXOJnnxz7xdFs4lcN8vSLVg5xV6PiPKx9NrDTbVOebUNKA
Yakushi Kabuto,DB1zohygcFomDtFh2h3n96_kEqBk8t-KpJlU2XCTIqgZTFPRySvp701V0XKNqwUCaq-5AOe0J-hTCw
담비에요,RP6v17zhOp8rTqFj8NEilWue1SdtfoEohwle08MGzDztuAXVspPut9IH8W8nBwLHDRje6KVWCiW3SA
노란 쏨뱅이,ibPTYV9DUqbcdOlOLNkFcGHsrDRxaai3_PmOnfDPM9BL0recyAMgi70djMz29b1fr2husOVymbO_NA
Gen G Winner,wYAdCM3ZJ_FU4M0umqbfGVRsDkAQmXRCnIGICtCsBn4p2rpD8r4k1uUkyW1Rwt2m2gsAapLjcPgIhA
BRO Karis,vo7-2d7fZiOBAslP6375lXQubZLARPHF-b9L82rednEKPy40cqpSwRKrf12ZXVKXiQPlJaZRFE_xuw
병장 장준수,tZE10LJG-Snlm_bPyUP-Hnk0qZTDaZgUNnlP6hCReA2vXsPWTY2UsXT_ILIzmokg-vg0qGIpDgzxZg
wai  Jyaian,GDV9blTKorjjIYT2InRE6EWo8K87vTq1R0fY3J2gV39HU4PlEbD3kXZbPNAL__XFo1jEHrnZkwPCNQ
DK Bible,hn5zgVFnV8YOWKSpa0Yc4-ffaTY9979-ZmOzCPag8-8JAkjen7aFQ-t7pFAmiSWsssBMbr4_ywTmXA
This game canwin,mSIK-T-dB4albwdUrw4-4L2_sPvCMmUaf3sh_LRwOdf4NEQKm1ma1y90XrhW1AyG3uh4b8IIPgkD-w
enenenenang,zhcL9lpHYCrMBs-t7yxxc84GpZ5CbyXqsr8hWUMf87gVsY6KoFODbQMapl9VS2dmJVWwf2__yz0a0g
Raptorr,GOn05vGk6uZxhKqOLhsMnNJPpcb2kYFvTpbki6yOWVcubW-tDeS30MAhSP1eyjrddGTbo6mcQAvs7w
아름다워지고싶요,zgJym5adiX58DULzxdnJeae_DHtJhkbb6EUUDeZWv7xSrf2L1YpH6xF1qUJ9x8zpU0ui4CNPPGjw7Q
스트레스유발협곡,uXja-rYXOvOGvQ99LE9B3_X2m5dwulUo88VcAvzvT7Df-lyVB-VQlkKuh3f6mxZBngOj9vDn4xSIQw
이 차가 식기전에,s_10qzO55yJLdlfnqsE7kvbPr-8BbHy1--iaXwDTUtP3sbgHHEw6kiZYOadF1TjPBAUh7u-sxbj6Yg
,2QG1CHbp2mGMt7Ak7Log8-pkKuDRjliTsY-SuGk76LahaEbwMKgLxD-5oWszSVQwk62IRs5nqpWPrQ
일단 들어가고 봐,ce1_midcK7wKk9M4ESn10PSLV-FyID0_bXemQHHKFR29vnQV9I8qHehREdg_W_rPgCtLgGEkePzTaA
,XJmD70q6mgGIkNH9e1-dv2mErazizOhKUtfNwsjc8WXj5V1PN2PwQT8gFx7dg7hWGIo1Vz19YjINUg
호시노 로컨,V0XYhAb130mJQtwcqDkC7pHMaND_TVUgdGxX5lTGc77CMphWzINPXcn5dHrrnHcHbQ_kBfzV2PC8rQ
라면이 맛있다,VMZqz0BKcT3MeB8KBAGKap--37l1TLkNLQrnaBgX8nmr0mhUo8LE4C-6ekYZgnrxXGZ4ftnHUUbtQA
yskmismyson,KzvMtrEz3X8X-t46LMN9MJPPJV9W_k2zPesfVp6-oSGLfpMhn40_OIe3z2FKCN8w8BDF2M0L5GABUg
Kiana,hln9-KqV89xwZi1emCh6v1bd2WCrhTVkUK0GCPkZ7n0anRhjBIdGsrQLy_DZsY1_zd8CGx5Yd-qf7A
호가소랑,ZZVqeRgman84ObysaG6XEqHfZsEJ0MeBfMDcvq7nuzxlexL68EG8gE9XspYWKHhxmT10m4LCfvbGsg
당당해요,NDDpzD-DkRXX0TPL2tFt9Ss8QereiR5btBGg7cwqmXPg5f7ED30wt02HJqvkl_ILARsVwb3PwgkSqg
,U_8j-vKRn2IFLl4C0HAJpfAW9LLcst9mityYCq6qqZvV0mO9fzhf9fpHl-cHdCUXKv_iSt7AgcauVQ
OKOK0K,UQbonofe9lGexctW7h1qKuQ6c935LpeJGhhm-QTvzhuwC8bn6Oul2yNhbNWkRGxmxpvSXTT8I9qyEw
Chu성훈,8g9rBqNqLvgaimabgo2odKaQLXZ9WmkYts3Hty60T9eDDNB9BK9QJYZfdbCYOBnHxZoDSFCATH2_3Q
,CoC70KNnlDlvmSpow6zMRpZGsWzLscyuhcq0LuboIvLsgUKjIuf6NgQj0JTSMHd8X-gtUamth2R6Hw
kiin,s9ZYAvnXZ9XixC7HxWLxfCdvwSrneKDQnCU0_9aaR4qGxsUarbaSI03HtQV4eBDzFek5KmovO4SzvQ
사랑스러운 슬기,Xykew-BFDIs8ODZAWm1_wyzRHm4_e5FBBFeOCMcLpR8ZWEbwh2H7OkdJ8kBb9IxgpIMLEmb_7prMkA
Selam,GZIV0mkSG5ZHHZ30ZMdixdVEViHTBlsyT6MPRigL_HcL_S5udeOIwhOdI18o6xhSQ8fXUcF1EPx8yw
kuluomi,7_MQTfD5RA241JWqFEzp9pKjPGMqT-hRdV1zEw1LMMfuUJCm1G7MFYVjxEcjYJPzkw0kmyW-Q9splg
난 벙댕이야,Pl7hl6M4_uWbhepOxmh9APlFxDmXANj1Rhz3XSMUNKhHa6iwArnjnFTdELpwXze2cnnbCbf8QzytZA
Xyzer,lsRi1qGzs7ovE3DEOF6HrsN4wo7MRbnHd49_VKIRB5ZeGy491zIEyvS0bORLxq_46ifKr2NdYBiYIQ
0670,1cOID39vBwtE84NS2Cw9nL77xk2q0ed6tnpqWDVIITwP8CEZA3hpDvtXu8WaOJ4MquxY56y4U3CRgg
HLE Grizzly,bWUmmzxU6FK7WvhvlJeBPCsLteRQs5_e7Z2VJB4jT75QsvokHaZehSBnbKwbJdBASo6wV7nAC0_r2g
,EvLEhuHCKFlQmfcenGZT1pS5vtTiQY1RYUbnQKDD6mEJvqV35Mb3E5bvvdgFChW3egmhmzOUgAdOiQ
돈 비 어프레이드,9dQaPkbyHrndkZObPDKREbxAJ8n7-i-YXfot0mN87zdvFTIHVgYf6i-w_wL_wr0Yx2vH4ZKFC9Ti2w
godeppin,8ARtW43XfzPPQV8CZVduwOE-9q_Z-ai1mmcFQKsgm20ODIFgC3IHWVViwsQ_dTS2_3w4ZJgSG8D9HQ
BSU JG,JD9QC2lbsPNGoCsJav3FggKxTHBRtzGJ8d8Arfsmw9__ujq8FK7R5FtVslVpOqca4PBD0j8XiIzu9g
Decemberchivalry,JODoXsv-X8pgfzVdLdyR7q8OqWMm2BP6cfgTvp6IWA9ea4GAYjLdg4OqZMRVAv_5RFitkYlwtfUwlg
yjim,hduZRtAMRlo-AnBjjITRHcAAdbalA-HEJdDZQCYSrC-4sXifRaVYVIls3rCt5KFHzc7XGnTkKWxlcA
그리움 허전함,P_G1_lxpoOHrm_s02PAIBVAzwX9QCWqdQyBmLW6dqVUYhmeN-4YdFwYgqWKLI9JmO7dzxgPZGMpjfw
,VX1s91qP7BJJOx9uzwLYwo9xtkVYwPWYRGKUBkPxA7cmBFPdMBKQ1q1tuUqjI6mlTbMTTEzunyvhGQ
dlwlrma22,9Zei8-x-ml-OaZ1sdQdz_1PHs6fyJOVJnkTER6y6TGCld-NhOvUdrOtz47Kd6xMdbZ7H5cZj9kpCXA
생각이 통달하다,NTTELZdYMnvnyZaamCGI_vz6WJlBJLH0DIN8Ci9ydMS7pWz_mmwyz_l5zTt00XZrG92-o3E1_HnV9w
SOODANGKlM,4W9rn0gtDi7CkFoh7HC5ymTU5AJ4RAnzY531ZMQV6Xcx03RCxxikv8GbtOtlUVUGju54S5Ldf45nRw
그렇게운전만해,YbDz4hQTMUemyOz-dxV7Lb6dN-ZUismPx1XggJKOvYJwdP5UHwfzvfgn1y8913mA8kkt1DZjsVKpIA
강하다 별,OiM3yYk6AuwSY3uUslEUBtoXcQ09eUyNjmxshGIg_l_s8gVhIHSu3XhGL8UN_quWOjcvyWQJkURhdQ
크롱 캐리,jpZ5Rnu-66GDMHWlGP-RESiCwfPDryma9F0jI3UdxKRHI4o9IDYoGTUasIOxEUoV1G90Yx5C1efNmw
아이러니,Cl7GRzt7ctWco8ohT9Ma-WuDZwHE_13NnQdH65cBpPqaNGCWvWjmmJnzOVh7poiYkmGL-RgibImCRw
이야공,nsW0XKkP75fpwe2zkcnRYkc4yq5XySryVp2UZlRuoxw1udqgpfd8aiOTedk1hcATnn7bJZIa82xe4g
BRO DDoiV,yMbQAFPNFv0_XvOvbHKml_fJF6hAlD_0YnudJE3Y2eucJfVdxC4cOYcGdxNKYAZcVzbViBTa9PNncg
BRO Morgan,DCrqbvTeaC_rZIX3loo2wIebUWcaIhi1CqlcM-gogSqtcTPHGq5JAqbeTZCNuGjoTgjzYio1onMUkw
상욱Ryu,F47Q9S4CfF_Idybchsx7RVvM06KWdCCrRJ486Pm6wQImN4UwwNNB3xlw5fd-QTyE6d0TzB0eu5SEOQ
,Er8l7oYjlVL1twk15hbWKqEEd6lYDB34iURArzRjbgNgDCHlxgdE9vmcBVDWVcv9J4elBHoH-nVz7g
쿠로네코3,FdonGbne7ES5ISm0ROdUmYfIpepL1s7Jn9tRe0sDzglnH2gR_vuXmkmHVZ5X9YJk7766A0GbkGrGYQ
Zac,3ASHDsRtjBtJn_tcESno-vWXBiCmSEw7UuRKA0WWS8fnHMI9aRTMqJiSPonzjXfWhaePeGgp3JnqAg
울부짖는손시현,UICPAJixVhb_1_WtoOIoOsNO3xH94rzwlKdvXtg01vmeyYp9F0pwM623rz9mqV-Ane6QE8V4EE4_NQ
DK Sharvel,ELVnHXgxvC2fpDqxXrbxrDQ5Md0zL7jUjstE83o7X8hXEmbd_fueEAg4QAx4aA_Ob521e8-gSJB9pg
얼밤불밤,UVMxA2M6lOlaeLr0yHeVpCufEJTqSsHxtc2ZuU7p2mudqUBqSGdet2OBnJju9sq3ezVSgZzEJUsa7Q
Aileri,7fJDisUPp2HIAjiVMuf3FD8LZ8Wuh9YuAI84V2gE_S07vVmKzBRMQIMNFUeS1pIu8hN5_VmqngVJKg
Hoxpi,kJlO8GSa0LGTungBj2cCtIh9nDcWSSorZphz5KonR3J7qO_XlNWLOoGAiV1udr8pFObJ71PiDq--8w
유 빔,POdFnQ90ysMDPQhRIl_k9wcG2VgeiVjbAwHMIRUC3saNOFFsO1rcXxjq3xUo4qDxyUUXBdvQHxEGpw
ogfbndf,4juKXG6ouDK-yOno5xW0e2K-BjOHzPy2-Pgf0_q8J2F2z4oBGnkOWEZ8qXjvGcyz-kg173YD29YoIg
로스트체리,FTnXeOn2em0fdIDBtsgSD5R0uRZZna73XABIzt38RXe8HdY8pJa8OdSGzaGRYDeY9YkuGJPG9M64iw
천안 대하건설,1eBkJPmoMIQKNfNN8La1xZmnEKoxAxP0GulCA8EZZ7DdbzOOcXwjP81Zs9NTECOnCz_jbCCDQLvDMg
,Rb5_E7ndRWAFlGCAqB_ZX6GKLorKPRkNsiwmv8KJc7_3zXuOIHuRDSdqp6XdYRnyJ6Df6q0HxZ9kbg
NS Carlm,nHVlwsI8-CQGgBaPM4jWg_IcpF73W6puc_KNfzkRq9FIgBVNsxChoPKihJBNluh8m_1L5uwc8a9t1Q
El1enYeager,CWcQliNwHiQpFEn0OtkRSg6xrg9nfDTbH14eLIDNzKdxUX4JH0o0V-LyqLMLGm42EvBUpy1nDIParA
KDF Bull,eZTRGLtc095qiIEC1IIJCmFRSQmvCJkaSNDLPTYGm9F37jFRqligontKzUjl86SSH-3ObVyicmr-CA
oo GG,kz2u-qk3vSlfhLXwTXR4sSSrayxJJ6jSn1GOdyjr9rE0ns01qUTp9mzjfUxdEBzTXTQ2WEXWGw4O8A
jxqad7out6,mJzLQnJhmdslD27F-9Fo5Hr4-mE4WB4JyM9xFJG3W3lvOGqaCj6y5iYZ0n65DTtYHiGZ7cZAH2MwRw
livinli,aLHKs2i9wawoWe1VDTq2CRRiSurnbbY-f2nDu1J5keHwWoCtmYAzDx--cTbLkvAvsniVWEnLHBBD_A
2E5T,QKXZBfLxoCI-M_JqWgTg0iItJpVCjGTROBurs8aCNe3NVfG49Y9eYP_ss2-cmWg0aAmjKnPYHmNjgg
Assasiй,7u417Wz3AXhMBzgo-Lth9okPnig6zBONyv5c9pCmsUfC_siWc8jGfvp_IvAzc0jnkbJ-1_ZO-iXLdQ
dsmjpjo,crvD5iLXwL1PB-vHpZ2DaF25vhnht4-AESw5M-lnhMtN67Tzi5PtS0KcIdP_5lN92YY7339j1DXXGQ
잘해 파이팅,cIEDc0qnQrD9jw1Ec-ebwMQAYhk3QZplvTsiwGbYGJzLExKagb8FNSvkwWYsv3drmBWwGJXFEPsOCA
빡 표,1owtJxFQHc2e-T9n2tRk3080jjyInGQgy0CcdXUAN8w63aJ0m20xYV4jLYiTsHV6ozZGDfaPm_zi3g
아브레,YZRUrSOy4srUymUw1oLx8lAZDOj8UMllmgsTw-1pYA7Mm27aOcGGOrk8QZjY6wf-WpFp6xwHfHGWvA
숟가락전사,7nfdW1QLu8-bmhbBjznIfl-yqgPql3PPy3T_tiF6Qdspm_Zyz9VBi0rOVb9sPh9OEFGIn12ztEHMyg
,kxg5Xilz47WtnZgTw2rp8nRT7arKZYIBFu5qe-GvoAhM39sm-MIlaBRHT5pAYX_DLVedhDDvyFTLCQ
조고마한 달기,8j4Efb900veXPaFGZilr4TDp2G9h9Qc_pgkM1AcHAR7pVq9V_Q_oy7ckzNBEXLBEz-xq9fgG9oPBPg
AF 복새달,95O8h0uf0suVEJOG9kSebylmFGIo26NjIJxEUqDz7lrzrAkZ9GKkrQHUGa0FaKgIdRH0DPrppDAuKw
페페츄,RN7HBaAy3jIjcN8RTkjQgSKCZIt8H_bqCiMTMMmzHCZvg9_PCKqS3fzbIuDQMvoXWAPfQJjfqmHPbQ
DEL 132457682003,jDvls0yNHXOnRG2r4n720Ur4j5f0F3pxpy_yDdcsRBJbQJU1zT8Nslg3BOJjfirod_g4w8pWOz05Zw
댕청잇,L00ZLLRs8CHtWe-7upK0UuMFDLWMWF_KqqRIGuNrIJvLzbbDVIl6s-Wkyz81ToZ5SvciQOk91Z-xsA
농심라면다내꺼야,prBSMbcZtTPQTXPMfTdLGu8ZGD2qQKHgCRxFB9c5x4iMGZzYbD1cG5vjiRKeGXcPcIL0cmmE0dXPpQ
nikett,2sRNjuSwo09CBrA0LGG1NS3WNGOWTCcROQIeNEr1JlLrTw262TWi4Vg78dbArfJhH6Qh1yq0BguJog
luckyqqqq,xX-NOUGKlzFGSBPhyHg08KpwY2VQiwLY0OfoMZeSiDxVZZ7kIj8B4np081HfYYqn0goaduOYTpzsog
질병게임1,AdJKFBv7tmdypGW7twyKtWYxtJmF9P3c0BG8LvJ6nI1u3K5kJBd8uATHWuqp9aChyIO-qYgkTNCcTQ
Dragon God King,CA88VgKgIAoyFOhyObkC7q_vs3qB_oAgsslM2p0qY_MMMWua2gXHhFYvFcP1I3fZNlY7PS5zmn-QOQ
